CREATE DATABASE  IF NOT EXISTS `UR5` /*!40100 DEFAULT CHARACTER SET latin1 */;
USE `UR5`;
-- MySQL dump 10.13  Distrib 5.7.24, for Linux (x86_64)
--
-- Host: localhost    Database: UR5
-- ------------------------------------------------------
-- Server version	5.7.24-0ubuntu0.16.04.1

/*!40101 SET @OLD_CHARACTER_SET_CLIENT=@@CHARACTER_SET_CLIENT */;
/*!40101 SET @OLD_CHARACTER_SET_RESULTS=@@CHARACTER_SET_RESULTS */;
/*!40101 SET @OLD_COLLATION_CONNECTION=@@COLLATION_CONNECTION */;
/*!40101 SET NAMES utf8 */;
/*!40103 SET @OLD_TIME_ZONE=@@TIME_ZONE */;
/*!40103 SET TIME_ZONE='+00:00' */;
/*!40014 SET @OLD_UNIQUE_CHECKS=@@UNIQUE_CHECKS, UNIQUE_CHECKS=0 */;
/*!40014 SET @OLD_FOREIGN_KEY_CHECKS=@@FOREIGN_KEY_CHECKS, FOREIGN_KEY_CHECKS=0 */;
/*!40101 SET @OLD_SQL_MODE=@@SQL_MODE, SQL_MODE='NO_AUTO_VALUE_ON_ZERO' */;
/*!40111 SET @OLD_SQL_NOTES=@@SQL_NOTES, SQL_NOTES=0 */;

--
-- Table structure for table `ExeTime`
--

DROP TABLE IF EXISTS `ExeTime`;
/*!40101 SET @saved_cs_client     = @@character_set_client */;
/*!40101 SET character_set_client = utf8 */;
CREATE TABLE `ExeTime` (
  `throwNr` int(11) NOT NULL,
  `openCVTime` int(11) DEFAULT NULL,
  `pickUpTime` int(11) DEFAULT NULL,
  `throwTime` int(11) DEFAULT NULL,
  `cycleTime` int(11) DEFAULT NULL,
  PRIMARY KEY (`throwNr`),
  CONSTRAINT `ExeTime_ibfk_1` FOREIGN KEY (`throwNr`) REFERENCES `PickUpLoc` (`throwNr`)
) ENGINE=InnoDB DEFAULT CHARSET=latin1;
/*!40101 SET character_set_client = @saved_cs_client */;

--
-- Dumping data for table `ExeTime`
--

LOCK TABLES `ExeTime` WRITE;
/*!40000 ALTER TABLE `ExeTime` DISABLE KEYS */;
INSERT INTO `ExeTime` VALUES (1,121,NULL,NULL,NULL),(2,90,NULL,NULL,NULL),(3,89,NULL,NULL,NULL),(4,122,NULL,NULL,NULL),(5,138,NULL,NULL,NULL),(6,120,12350,11322,23792),(7,136,11802,11265,23203),(8,154,12390,11393,23937),(9,124,11732,11322,23178),(10,112,12487,11794,24393),(11,117,12270,11779,24166),(12,148,12584,11425,24157),(13,83,12465,11622,24170),(14,123,11566,11440,23129),(16,105,12152,11333,23590),(17,94,11966,11271,23331),(18,84,12568,11433,24085),(19,142,11004,11506,22652),(20,94,6435,3216,9745),(32,138,17508,6065,23711),(33,123,15730,6009,21862),(34,127,11697,5972,17796),(35,173,17909,5900,23982),(36,146,-1,-1,144),(37,129,-1,-1,127),(38,134,-1,-1,132),(39,147,-1,-1,145),(40,164,NULL,NULL,NULL),(41,152,-1,-1,150),(42,114,NULL,NULL,NULL),(43,142,-1,-1,140),(44,162,-1,-1,160),(45,123,-1,-1,121),(46,159,-1,-1,157),(47,136,-1,-1,134),(48,127,-1,-1,125),(49,107,-1,-1,105),(50,126,14835,5980,20941),(51,108,NULL,NULL,NULL),(52,155,21130,6002,27287),(53,114,13822,5939,19875),(54,155,13543,6013,19711),(55,129,13406,5951,19486),(56,155,43736,5960,49851),(57,103,44093,5761,49957),(58,124,13178,5896,19198),(59,116,13985,5909,20010),(60,105,NULL,NULL,NULL),(61,120,NULL,NULL,NULL),(62,149,31953,5631,37733),(63,130,16612,5791,22533),(64,158,NULL,NULL,NULL),(65,138,15328,6047,21513),(66,92,14414,6091,20597),(67,90,18274,5918,24282),(68,110,-1,-1,108),(69,158,NULL,NULL,NULL),(70,114,NULL,NULL,NULL),(71,94,26482,5798,32374),(72,161,15144,5840,21145),(73,115,NULL,NULL,NULL),(74,104,NULL,NULL,NULL),(75,102,NULL,NULL,NULL),(76,147,NULL,NULL,NULL),(77,98,-1,-1,96),(78,118,-1,-1,116),(79,117,-1,-1,115),(80,131,-1,-1,129),(81,172,14704,-1,14875),(82,142,15176,-1,15317),(83,125,16154,-1,16278),(84,113,20242,-1,20354),(85,175,-1,-1,173),(86,136,-1,-1,134),(87,104,-1,-1,102),(88,127,-1,-1,125),(89,93,-1,-1,91),(90,141,96478,-1,96618),(91,167,15017,6028,21212),(92,136,15837,5894,21867),(93,141,18317,6031,24489),(94,156,14884,5903,20943),(95,126,12963,5757,18846),(96,156,12894,6132,19182),(97,145,12934,6031,19110),(98,136,12831,5680,18647),(99,142,13079,6063,19284),(100,144,11901,6027,18072),(101,123,11895,5806,17824),(102,122,11891,6034,18047),(103,142,11867,6038,18047),(104,93,11932,5873,17898),(105,121,13368,5848,19337),(106,148,11138,5989,17275),(107,151,11369,6060,17580),(108,163,11439,5957,17559),(109,139,11400,6027,17566),(110,137,11475,6112,17724),(111,173,11554,5957,17684),(112,94,10739,5937,16770),(113,130,10704,5923,16757),(114,175,11149,5842,17166),(115,136,-1,-1,134),(116,102,-1,-1,100),(117,132,-1,-1,130),(118,155,-1,-1,153),(119,117,-1,-1,115),(120,125,-1,-1,123),(121,106,-1,-1,104),(122,98,-1,-1,96),(123,123,-1,-1,121),(124,128,NULL,NULL,NULL),(125,125,12142,5982,18249),(126,133,NULL,NULL,NULL),(127,161,11477,5894,17532),(128,135,11250,6060,17445),(129,152,11143,6075,17370),(130,151,11486,5930,17567),(131,147,12355,5851,18353),(132,128,12031,5989,18148),(133,153,12272,5979,18404),(134,133,12054,5980,18167),(135,148,12164,5936,18248),(136,143,12065,5948,18156),(137,144,11934,5882,17960),(138,118,11815,5890,17823),(139,183,11853,6019,18055),(140,131,12094,6034,18259),(141,124,12954,5991,19069),(142,144,12854,5806,18804),(143,133,12817,6081,19031),(144,125,13081,5777,18983),(145,146,NULL,NULL,NULL),(146,127,13081,5951,19159),(147,119,11185,5895,17199),(148,142,11506,6032,17680),(149,93,12070,6049,18212),(150,176,12364,5994,18534),(151,153,12265,6058,18476),(152,155,10990,5955,17100),(153,132,NULL,NULL,NULL),(154,111,10914,5916,16941),(155,149,12008,6103,18260),(156,139,NULL,NULL,NULL),(157,140,12346,5985,18471),(158,133,11660,5897,17690),(159,96,12101,5929,18126),(160,118,10998,5941,17057),(161,102,13164,5983,19249),(162,176,-1,-1,174),(163,120,13401,-1,13520),(164,137,-1,-1,135),(165,90,-1,-1,88),(166,150,-1,-1,148),(167,132,11367,-1,11498),(168,122,12191,-1,12312),(169,136,11770,-1,11905),(170,113,NULL,NULL,NULL),(171,132,13617,5912,19661),(172,158,12241,6004,18403),(173,133,12639,5934,18706),(174,130,12341,5942,18413),(175,163,12886,5833,18882),(176,108,12787,5937,18832),(177,116,10688,5679,16483),(178,114,11420,5809,17343),(179,115,16897,5867,22879),(180,131,15315,6031,21477),(181,168,11795,5937,17900),(182,153,12017,6041,18211),(183,156,12218,5983,18357),(184,203,12450,5876,18529),(185,118,12323,5944,18385),(186,154,12677,5857,18688),(187,122,12373,5908,18403),(188,131,12576,5774,18481),(189,125,12351,5967,18443),(190,159,12722,6027,18908),(191,124,12721,5914,18759),(192,105,12467,5964,18536),(193,165,12696,5926,18787),(194,132,12499,6017,18648),(195,143,13250,5916,19309),(196,111,13338,5928,19377),(197,133,13331,5917,19381),(198,95,13422,6046,19563),(199,149,13510,5993,19652),(200,149,11944,5951,18044),(201,103,12024,5911,18038),(202,166,11973,5838,17977),(203,140,11852,5942,17934),(204,187,12124,5920,18231),(205,115,11955,5944,18014),(206,130,12073,6018,18221),(207,171,11619,6086,17876),(208,178,11999,5936,18113),(209,122,11885,1795,13802),(212,148,11611,5911,17670),(213,146,12631,5963,18740),(214,129,12810,5733,18672),(215,108,12903,5990,19001),(216,128,12486,5717,18331),(217,109,12734,5959,18802),(218,121,12528,5958,18607);
/*!40000 ALTER TABLE `ExeTime` ENABLE KEYS */;
UNLOCK TABLES;

--
-- Table structure for table `PickUpLoc`
--

DROP TABLE IF EXISTS `PickUpLoc`;
/*!40101 SET @saved_cs_client     = @@character_set_client */;
/*!40101 SET character_set_client = utf8 */;
CREATE TABLE `PickUpLoc` (
  `throwNr` int(11) NOT NULL AUTO_INCREMENT,
  `posX` float DEFAULT NULL,
  `posY` float DEFAULT NULL,
  `time` datetime DEFAULT NULL,
  PRIMARY KEY (`throwNr`)
) ENGINE=InnoDB AUTO_INCREMENT=219 DEFAULT CHARSET=latin1;
/*!40101 SET character_set_client = @saved_cs_client */;

--
-- Dumping data for table `PickUpLoc`
--

LOCK TABLES `PickUpLoc` WRITE;
/*!40000 ALTER TABLE `PickUpLoc` DISABLE KEYS */;
INSERT INTO `PickUpLoc` VALUES (1,0,0,'2018-11-27 15:32:50'),(2,0,0,'2018-11-27 15:33:47'),(3,0,0,'2018-11-27 15:36:34'),(4,0,0,'2018-11-27 15:43:31'),(5,0,0,'2018-11-27 15:46:09'),(6,0,0,'2018-11-27 15:48:36'),(7,0,0,'2018-11-27 15:49:01'),(8,0,0,'2018-11-27 15:55:46'),(9,0,0,'2018-11-27 15:56:11'),(10,10,13,'2018-11-27 15:59:15'),(11,-3,-5,'2018-11-27 16:00:37'),(12,6.88911,12.0061,'2018-11-27 16:02:36'),(13,6.96855,11.9702,'2018-11-27 16:05:00'),(14,-16.8716,-3.32866,'2018-11-27 16:08:21'),(16,-7.48853,12.8849,'2018-11-27 16:10:31'),(17,-6.86406,12.7247,'2018-11-27 16:15:54'),(18,14.6525,12.1498,'2018-11-27 16:17:55'),(19,-18.3796,-7.52256,'2018-11-27 16:19:07'),(20,-26.3216,-35.217,'2018-11-27 16:20:29'),(32,2.6686,-1.59706,'2018-12-06 16:26:07'),(33,-26.748,-13.3712,'2018-12-07 08:20:46'),(34,-26.2095,7.60615,'2018-12-07 08:23:13'),(35,37.8458,-19.0256,'2018-12-07 08:23:37'),(36,-11.9359,-20.3907,'2018-12-07 08:33:45'),(37,-11.9443,-20.3697,'2018-12-07 08:34:01'),(38,-11.967,-20.4111,'2018-12-07 08:34:14'),(39,-11.9683,-20.3825,'2018-12-07 08:34:33'),(40,-11.9903,-20.3821,'2018-12-07 08:35:23'),(41,-11.9763,-20.4032,'2018-12-07 08:37:45'),(42,-11.9553,-20.3911,'2018-12-07 08:38:01'),(43,-11.9308,-20.3993,'2018-12-07 08:40:01'),(44,-11.9296,-20.4053,'2018-12-07 08:40:15'),(45,-8.65537,-20.2778,'2018-12-07 08:42:37'),(46,-11.8541,-20.4507,'2018-12-07 08:44:11'),(47,-0.980106,-0.180988,'2018-12-07 08:50:05'),(48,-11.6666,-18.3857,'2018-12-07 08:59:57'),(49,2.71448,-1.49956,'2018-12-07 09:00:26'),(50,-35.7105,-20.4441,'2018-12-07 09:18:27'),(51,-1.5913,-0.850928,'2018-12-07 09:21:14'),(52,-0.36283,-0.338135,'2018-12-07 09:23:35'),(53,-16.9216,7.85888,'2018-12-07 09:27:44'),(54,1.58669,-2.06888,'2018-12-07 09:33:40'),(55,-12.3006,-20.7024,'2018-12-07 09:35:23'),(56,-4.63245,-9.26895,'2018-12-07 09:37:26'),(57,-17.9876,46.6371,'2018-12-07 09:38:24'),(58,-1.36825,-1.38867,'2018-12-07 09:39:34'),(59,2.62331,-1.66497,'2018-12-07 09:43:53'),(60,0.559747,51.7267,'2018-12-07 09:44:20'),(61,-11.3253,-20.2022,'2018-12-07 09:50:48'),(62,-11.2289,-20.0141,'2018-12-07 09:51:40'),(63,-7.33843,-19.6234,'2018-12-07 09:52:25'),(64,0.906931,-0.178656,'2018-12-07 10:02:59'),(65,2.70889,-1.57434,'2018-12-07 10:06:16'),(66,1.82675,0.416425,'2018-12-07 10:08:00'),(67,-10.7598,-20.2654,'2018-12-07 10:11:30'),(68,-43.102,7.9922,'2018-12-07 10:12:27'),(69,-45,-64,'2018-12-07 10:14:34'),(70,-45,-64,'2018-12-07 10:21:20'),(71,-27.5567,-19.5103,'2018-12-07 10:23:24'),(72,-11.3176,-20.0171,'2018-12-07 10:24:25'),(73,-45,-64,'2018-12-07 10:25:10'),(74,-45,-64,'2018-12-07 10:31:36'),(75,-45,-64,'2018-12-07 10:45:23'),(76,-45,-64,'2018-12-07 10:59:54'),(77,-42.3274,10.1152,'2018-12-07 11:06:04'),(78,-42.2781,10.1778,'2018-12-07 11:06:09'),(79,-42.3062,10.1361,'2018-12-07 11:06:13'),(80,-42.313,10.1714,'2018-12-07 11:06:17'),(81,2.80498,-1.53401,'2018-12-07 11:06:31'),(82,10.9842,-1.36842,'2018-12-07 11:07:19'),(83,13.2706,-1.46337,'2018-12-07 11:08:28'),(84,-11.8188,-20.6665,'2018-12-07 11:11:16'),(85,20.6675,-49.7866,'2018-12-07 11:16:10'),(86,20.5925,-49.8308,'2018-12-07 11:16:17'),(87,20.5493,-49.9643,'2018-12-07 11:16:22'),(88,20.5906,-50.0195,'2018-12-07 11:16:27'),(89,20.5248,-49.9819,'2018-12-07 11:16:33'),(90,-45,-64,'2018-12-07 11:16:38'),(91,-29.6852,0.983411,'2018-12-10 09:52:14'),(92,0.920203,0.435999,'2018-12-10 09:52:48'),(93,2.02639,0.737579,'2018-12-10 09:53:50'),(94,1.80047,-9.06902,'2018-12-10 09:54:41'),(95,29.3348,-0.219818,'2018-12-10 09:58:45'),(96,29.0427,-0.194733,'2018-12-10 10:01:17'),(97,29.1151,-0.232751,'2018-12-10 10:01:58'),(98,29.0052,-0.259241,'2018-12-10 10:02:26'),(99,29.1078,-0.119208,'2018-12-10 10:02:52'),(100,-0.0964478,0.113257,'2018-12-10 10:03:27'),(101,-0.0729614,0.230139,'2018-12-10 10:03:56'),(102,-0.278748,-0.24892,'2018-12-10 10:04:24'),(103,-0.402286,-0.0744202,'2018-12-10 10:05:05'),(104,-0.194394,0.204285,'2018-12-10 10:05:31'),(105,45.0537,21.9756,'2018-12-10 10:06:21'),(106,-30.1032,0.518134,'2018-12-10 10:06:48'),(107,-29.5551,0.996552,'2018-12-10 10:07:15'),(108,-28.5952,0.70885,'2018-12-10 10:07:53'),(109,-28.6691,0.771454,'2018-12-10 10:08:20'),(110,-23.5219,5.95138,'2018-12-10 10:08:58'),(111,0.537668,-29.2035,'2018-12-10 10:48:52'),(112,0.326038,-29.5149,'2018-12-10 10:50:06'),(113,0.653683,-28.7507,'2018-12-10 10:50:30'),(114,0.597147,-28.516,'2018-12-10 10:50:54'),(115,0.0215698,30.9265,'2018-12-10 10:51:19'),(116,0.251178,31.3244,'2018-12-10 10:51:23'),(117,0.102872,31.1201,'2018-12-10 10:51:27'),(118,0.553204,31.2106,'2018-12-10 10:51:32'),(119,-0.0193909,31.0327,'2018-12-10 10:51:36'),(120,0.302774,31.1922,'2018-12-10 10:51:40'),(121,0.483063,31.3601,'2018-12-10 10:51:45'),(122,0.236169,31.0837,'2018-12-10 10:51:49'),(123,-0.0463501,31.1949,'2018-12-10 10:51:53'),(124,29.8214,0.0908264,'2018-12-10 10:57:52'),(125,-0.351535,0.7229,'2018-12-10 11:03:21'),(126,0.165045,-21.7386,'2018-12-10 11:33:30'),(127,0.213541,-21.0432,'2018-12-10 11:34:52'),(128,0.248883,-20.9428,'2018-12-10 11:35:16'),(129,0.022522,-20.2807,'2018-12-10 11:35:58'),(130,-0.416364,-21.4201,'2018-12-10 11:37:02'),(131,-0.26405,19.1471,'2018-12-10 11:37:33'),(132,-0.482172,19.6146,'2018-12-10 11:38:22'),(133,-0.276279,19.632,'2018-12-10 11:38:55'),(134,-0.472864,19.3625,'2018-12-10 11:39:52'),(135,-0.0756195,20.9698,'2018-12-10 11:40:27'),(136,-0.0539032,-0.422137,'2018-12-10 11:51:40'),(137,-0.434128,-0.237164,'2018-12-10 11:52:08'),(138,-0.398486,-0.0731079,'2018-12-10 11:52:45'),(139,-1.49505,2.16896,'2018-12-10 11:53:10'),(140,-0.411938,-0.438507,'2018-12-10 11:53:35'),(141,34.961,-0.404626,'2018-12-10 11:54:57'),(142,28.539,-0.422198,'2018-12-10 11:55:34'),(143,30.7178,-0.566925,'2018-12-10 11:56:50'),(144,30.6861,-0.652808,'2018-12-10 11:57:52'),(145,28.6289,-0.154828,'2018-12-10 11:59:50'),(146,29.2669,-0.0617249,'2018-12-10 12:01:42'),(147,-30.9824,0.0924683,'2018-12-10 12:03:48'),(148,-10.1798,-0.0339905,'2018-12-10 12:06:45'),(149,8.51245,-0.238544,'2018-12-10 12:08:34'),(150,8.1467,-0.406201,'2018-12-10 12:10:12'),(151,7.7563,0.214008,'2018-12-10 12:12:13'),(152,0.267557,-31.7398,'2018-12-10 12:13:52'),(153,0.061084,-32.0029,'2018-12-10 12:15:08'),(154,0.0329071,-31.5053,'2018-12-10 12:16:08'),(155,0.0429596,19.6333,'2018-12-10 12:17:18'),(156,-0.0224274,20.9826,'2018-12-10 12:19:10'),(157,-0.0488678,20.0562,'2018-12-10 12:22:01'),(158,-1.01477,-0.0540283,'2018-12-10 12:23:23'),(159,0.884888,0.34859,'2018-12-10 12:25:41'),(160,6.13713,-30.7635,'2018-12-10 12:29:24'),(161,28.9467,19.2995,'2018-12-10 12:30:39'),(162,40.6783,58.1318,'2018-12-10 12:31:19'),(163,43.4848,17.131,'2018-12-10 12:31:23'),(164,-20.5447,19.5402,'2018-12-10 12:32:05'),(165,-20.5585,19.5831,'2018-12-10 12:32:09'),(166,-20.5863,19.5434,'2018-12-10 12:32:13'),(167,-20.3024,9.3835,'2018-12-10 12:32:20'),(168,-25.0582,9.92575,'2018-12-10 12:33:45'),(169,-24.704,9.74566,'2018-12-10 12:34:17'),(170,-20.992,-47.1551,'2018-12-10 12:35:06'),(171,36.9371,11.2085,'2018-12-10 12:47:34'),(172,1.08427,-0.471204,'2018-12-10 14:46:37'),(173,1.07567,-0.39151,'2018-12-10 14:50:09'),(174,0.988681,0.00602417,'2018-12-10 14:51:49'),(175,1.21746,-0.0215698,'2018-12-10 14:53:29'),(176,1.31241,0.259155,'2018-12-10 14:54:21'),(177,18.3285,-34.8367,'2018-12-11 13:40:10'),(178,18.3447,-34.0747,'2018-12-11 13:45:46'),(179,15.5548,-57.3549,'2018-12-11 13:46:32'),(180,-12.1385,-48.0378,'2018-12-11 13:47:05'),(181,-20.4212,-11.0888,'2018-12-11 13:47:40'),(182,-11.7713,1.49191,'2018-12-11 13:48:12'),(183,-12.169,1.21431,'2018-12-11 13:50:35'),(184,-12.1227,1.17184,'2018-12-11 13:52:05'),(185,-12.605,1.45059,'2018-12-11 13:53:05'),(186,-0.0141357,-0.049707,'2018-12-11 13:53:59'),(187,0.260577,-0.928314,'2018-12-11 13:54:41'),(188,0.978735,-0.0745056,'2018-12-11 13:55:08'),(189,0.0524963,-0.485822,'2018-12-11 13:55:36'),(190,1.08077,0.113641,'2018-12-11 13:58:10'),(191,0.874149,0.262573,'2018-12-11 13:58:43'),(192,0.765164,-0.0597168,'2018-12-11 13:59:09'),(193,0.238538,0.0593079,'2018-12-11 13:59:40'),(194,1.06253,0.0281128,'2018-12-11 14:00:22'),(195,30.1445,-0.313293,'2018-12-11 14:01:20'),(196,30.3279,-0.129553,'2018-12-11 14:01:48'),(197,30.091,-0.0151611,'2018-12-11 14:02:15'),(198,30.4953,-0.819116,'2018-12-11 14:02:44'),(199,30.2836,-0.472681,'2018-12-11 14:03:32'),(200,-29.2926,0.137433,'2018-12-11 14:04:24'),(201,-29.2354,0.000506592,'2018-12-11 14:04:49'),(202,-29.777,0.00106812,'2018-12-11 14:05:16'),(203,-29.3334,0.114099,'2018-12-11 14:05:58'),(204,-29.1166,0.354199,'2018-12-11 14:06:25'),(205,1.39724,-19.9751,'2018-12-11 14:08:03'),(206,0.943607,-19.9941,'2018-12-11 14:08:28'),(207,0.335898,-20.049,'2018-12-11 14:09:00'),(208,0.0373138,-20.1887,'2018-12-11 14:09:26'),(209,0.0173126,20.0545,'2018-12-11 14:10:17'),(212,0.0288086,-20.3373,'2018-12-11 14:17:10'),(213,-0.0544647,19.5225,'2018-12-11 14:17:55'),(214,0.0542419,19.5509,'2018-12-11 14:18:21'),(215,0.99375,20.186,'2018-12-11 14:18:47'),(216,0.0667755,19.5129,'2018-12-11 14:19:29'),(217,3.68175,10.0573,'2018-12-11 14:19:57'),(218,1.30615,19.5016,'2018-12-11 14:20:40');
/*!40000 ALTER TABLE `PickUpLoc` ENABLE KEYS */;
UNLOCK TABLES;

--
-- Table structure for table `PickUpObject`
--

DROP TABLE IF EXISTS `PickUpObject`;
/*!40101 SET @saved_cs_client     = @@character_set_client */;
/*!40101 SET character_set_client = utf8 */;
CREATE TABLE `PickUpObject` (
  `throwNr` int(11) NOT NULL,
  `radius` int(11) DEFAULT NULL,
  `color` varchar(20) DEFAULT NULL,
  `shape` varchar(20) DEFAULT NULL,
  `pic` varchar(100) DEFAULT NULL,
  `hitTarget` tinyint(1) DEFAULT NULL,
  `pickTarget` tinyint(1) DEFAULT NULL,
  PRIMARY KEY (`throwNr`),
  CONSTRAINT `PickUpObject_ibfk_1` FOREIGN KEY (`throwNr`) REFERENCES `PickUpLoc` (`throwNr`)
) ENGINE=InnoDB DEFAULT CHARSET=latin1;
/*!40101 SET character_set_client = @saved_cs_client */;

--
-- Dumping data for table `PickUpObject`
--

LOCK TABLES `PickUpObject` WRITE;
/*!40000 ALTER TABLE `PickUpObject` DISABLE KEYS */;
INSERT INTO `PickUpObject` VALUES (6,37,'orange','circle','test',NULL,NULL),(7,38,'orange','circle','test',NULL,NULL),(8,34,'orange','circle','test',NULL,NULL),(9,36,'orange','circle','test',NULL,NULL),(10,39,'orange','circle','test',NULL,NULL),(11,40,'orange','circle','test',NULL,NULL),(12,40,'orange','circle','test',NULL,NULL),(13,41,'orange','circle','test',NULL,NULL),(14,36,'orange','circle','test',NULL,NULL),(16,40,'orange','circle','test',NULL,NULL),(17,37,'orange','circle','test',NULL,NULL),(18,43,'orange','circle','test',NULL,NULL),(19,33,'orange','circle','test',NULL,NULL),(20,31,'orange','circle','test',NULL,NULL),(32,43,'orange','circle','/home/peter/gemte_billeder_number/Billeder/image12.jpg',NULL,NULL),(33,40,'orange','circle','/home/peter/gemte_billeder_number/Billeder/image13.jpg',NULL,NULL),(34,41,'orange','circle','/home/peter/gemte_billeder_number/Billeder/image14.jpg',NULL,NULL),(35,42,'orange','circle','/home/peter/gemte_billeder_number/Billeder/image15.jpg',NULL,NULL),(36,43,'orange','circle','/home/peter/gemte_billeder_number/Billeder/image16.jpg',NULL,NULL),(37,43,'orange','circle','/home/peter/gemte_billeder_number/Billeder/image17.jpg',NULL,NULL),(38,43,'orange','circle','/home/peter/gemte_billeder_number/Billeder/image18.jpg',NULL,NULL),(39,43,'orange','circle','/home/peter/gemte_billeder_number/Billeder/image19.jpg',NULL,NULL),(40,42,'orange','circle','/home/peter/gemte_billeder_number/Billeder/image20.jpg',NULL,NULL),(41,42,'orange','circle','/home/peter/gemte_billeder_number/Billeder/image21.jpg',NULL,NULL),(42,43,'orange','circle','/home/peter/gemte_billeder_number/Billeder/image22.jpg',NULL,NULL),(43,43,'orange','circle','/home/peter/gemte_billeder_number/Billeder/image23.jpg',NULL,NULL),(44,42,'orange','circle','/home/peter/gemte_billeder_number/Billeder/image24.jpg',NULL,NULL),(45,43,'orange','circle','/home/peter/gemte_billeder_number/Billeder/image25.jpg',NULL,NULL),(46,43,'orange','circle','/home/peter/gemte_billeder_number/Billeder/image26.jpg',NULL,NULL),(47,42,'orange','circle','/home/peter/gemte_billeder_number/Billeder/image27.jpg',NULL,NULL),(48,42,'orange','circle','/home/peter/gemte_billeder_number/Billeder/image28.jpg',NULL,NULL),(49,42,'orange','circle','/home/peter/gemte_billeder_number/Billeder/image29.jpg',NULL,NULL),(50,43,'orange','circle','/home/peter/gemte_billeder_number/Billeder/image30.jpg',NULL,NULL),(51,42,'orange','circle','/home/peter/gemte_billeder_number/Billeder/image31.jpg',NULL,NULL),(52,45,'orange','circle','/home/peter/gemte_billeder_number/Billeder/image32.jpg',NULL,NULL),(53,40,'orange','circle','/home/peter/gemte_billeder_number/Billeder/image33.jpg',NULL,NULL),(54,43,'orange','circle','/home/peter/gemte_billeder_number/Billeder/image34.jpg',NULL,NULL),(55,40,'orange','circle','/home/peter/gemte_billeder_number/Billeder/image35.jpg',NULL,NULL),(56,42,'orange','circle','/home/peter/gemte_billeder_number/Billeder/image36.jpg',NULL,NULL),(57,35,'orange','circle','/home/peter/gemte_billeder_number/Billeder/image37.jpg',NULL,NULL),(58,42,'orange','circle','/home/peter/gemte_billeder_number/Billeder/image38.jpg',NULL,NULL),(59,43,'orange','circle','/home/peter/gemte_billeder_number/Billeder/image39.jpg',NULL,NULL),(60,38,'orange','circle','/home/peter/gemte_billeder_number/Billeder/image40.jpg',NULL,NULL),(61,48,'orange','circle','/home/peter/gemte_billeder_number/Billeder/image41.jpg',NULL,NULL),(62,41,'orange','circle','/home/peter/gemte_billeder_number/Billeder/image42.jpg',NULL,NULL),(63,58,'orange','circle','/home/peter/gemte_billeder_number/Billeder/image43.jpg',NULL,NULL),(64,34,'orange','circle','/home/peter/gemte_billeder_number/Billeder/image44.jpg',NULL,NULL),(65,42,'orange','circle','/home/peter/gemte_billeder_number/Billeder/image45.jpg',NULL,NULL),(66,52,'orange','circle','/home/peter/gemte_billeder_number/Billeder/image46.jpg',NULL,NULL),(67,39,'orange','circle','/home/peter/gemte_billeder_number/Billeder/image47.jpg',NULL,NULL),(68,36,'orange','circle','/home/peter/gemte_billeder_number/Billeder/image48.jpg',NULL,NULL),(69,22,'orange','circle','/home/peter/gemte_billeder_number/Billeder/image49.jpg',NULL,NULL),(70,22,'orange','','/home/peter/gemte_billeder_number/Billeder/image50.jpg',NULL,NULL),(71,60,'orange','circle','/home/peter/gemte_billeder_number/Billeder/image51.jpg',NULL,NULL),(72,47,'orange','circle','/home/peter/gemte_billeder_number/Billeder/image52.jpg',NULL,NULL),(73,22,'orange','circle','/home/peter/gemte_billeder_number/Billeder/image53.jpg',NULL,NULL),(74,22,'orange','','/home/peter/gemte_billeder_number/Billeder/image54.jpg',NULL,NULL),(75,22,'orange','','/home/peter/gemte_billeder_number/Billeder/image55.jpg',NULL,NULL),(76,22,'orange','','/home/peter/gemte_billeder_number/Billeder/image56.jpg',NULL,NULL),(77,42,'orange','circle','/home/peter/gemte_billeder_number/Billeder/image57.jpg',NULL,NULL),(78,42,'orange','circle','/home/peter/gemte_billeder_number/Billeder/image58.jpg',NULL,NULL),(79,45,'orange','circle','/home/peter/gemte_billeder_number/Billeder/image59.jpg',NULL,NULL),(80,39,'orange','circle','/home/peter/gemte_billeder_number/Billeder/image60.jpg',NULL,NULL),(81,42,'orange','circle','/home/peter/gemte_billeder_number/Billeder/image61.jpg',NULL,NULL),(82,40,'orange','circle','/home/peter/gemte_billeder_number/Billeder/image62.jpg',NULL,NULL),(83,38,'orange','circle','/home/peter/gemte_billeder_number/Billeder/image63.jpg',NULL,NULL),(84,42,'orange','circle','/home/peter/gemte_billeder_number/Billeder/image64.jpg',NULL,NULL),(85,58,'orange','circle','/home/peter/gemte_billeder_number/Billeder/image65.jpg',NULL,NULL),(86,54,'orange','circle','/home/peter/gemte_billeder_number/Billeder/image66.jpg',NULL,NULL),(87,45,'orange','circle','/home/peter/gemte_billeder_number/Billeder/image67.jpg',NULL,NULL),(88,45,'orange','circle','/home/peter/gemte_billeder_number/Billeder/image68.jpg',NULL,NULL),(89,44,'orange','circle','/home/peter/gemte_billeder_number/Billeder/image69.jpg',NULL,NULL),(90,22,'orange','circle','/home/peter/gemte_billeder_number/Billeder/image70.jpg',NULL,NULL),(91,47,'orange','circle','/home/peter/gemte_billeder_number/Billeder/image136.jpg',NULL,NULL),(92,33,'orange','circle','/home/peter/gemte_billeder_number/Billeder/image137.jpg',NULL,NULL),(93,39,'orange','circle','/home/peter/gemte_billeder_number/Billeder/image138.jpg',NULL,NULL),(94,39,'orange','circle','/home/peter/gemte_billeder_number/Billeder/image139.jpg',NULL,NULL),(95,43,'orange','circle','/home/peter/gemte_billeder_number/Billeder/image140.jpg',NULL,NULL),(96,42,'orange','circle','/home/peter/gemte_billeder_number/Billeder/image141.jpg',NULL,NULL),(97,43,'orange','circle','/home/peter/gemte_billeder_number/Billeder/image142.jpg',NULL,NULL),(98,42,'orange','circle','/home/peter/gemte_billeder_number/Billeder/image143.jpg',NULL,NULL),(99,42,'orange','circle','/home/peter/gemte_billeder_number/Billeder/image144.jpg',NULL,NULL),(100,43,'orange','circle','/home/peter/gemte_billeder_number/Billeder/image145.jpg',NULL,NULL),(101,42,'orange','circle','/home/peter/gemte_billeder_number/Billeder/image146.jpg',NULL,NULL),(102,45,'orange','circle','/home/peter/gemte_billeder_number/Billeder/image147.jpg',NULL,NULL),(103,46,'orange','circle','/home/peter/gemte_billeder_number/Billeder/image148.jpg',NULL,NULL),(104,52,'orange','circle','/home/peter/gemte_billeder_number/Billeder/image149.jpg',NULL,NULL),(105,39,'orange','circle','/home/peter/gemte_billeder_number/Billeder/image150.jpg',NULL,NULL),(106,43,'orange','circle','/home/peter/gemte_billeder_number/Billeder/image151.jpg',NULL,NULL),(107,48,'orange','circle','/home/peter/gemte_billeder_number/Billeder/image152.jpg',NULL,NULL),(108,47,'orange','circle','/home/peter/gemte_billeder_number/Billeder/image153.jpg',NULL,NULL),(109,51,'orange','circle','/home/peter/gemte_billeder_number/Billeder/image154.jpg',NULL,NULL),(110,37,'orange','circle','/home/peter/gemte_billeder_number/Billeder/image155.jpg',NULL,NULL),(111,38,'orange','circle','/home/peter/gemte_billeder_number/Billeder/image159.jpg',NULL,NULL),(112,43,'orange','circle','/home/peter/gemte_billeder_number/Billeder/image160.jpg',NULL,NULL),(113,33,'orange','circle','/home/peter/gemte_billeder_number/Billeder/image161.jpg',NULL,NULL),(114,40,'orange','circle','/home/peter/gemte_billeder_number/Billeder/image162.jpg',NULL,NULL),(115,42,'orange','circle','/home/peter/gemte_billeder_number/Billeder/image163.jpg',NULL,NULL),(116,42,'orange','circle','/home/peter/gemte_billeder_number/Billeder/image164.jpg',NULL,NULL),(117,44,'orange','circle','/home/peter/gemte_billeder_number/Billeder/image165.jpg',NULL,NULL),(118,39,'orange','circle','/home/peter/gemte_billeder_number/Billeder/image166.jpg',NULL,NULL),(119,48,'orange','circle','/home/peter/gemte_billeder_number/Billeder/image167.jpg',NULL,NULL),(120,41,'orange','circle','/home/peter/gemte_billeder_number/Billeder/image168.jpg',NULL,NULL),(121,38,'orange','circle','/home/peter/gemte_billeder_number/Billeder/image169.jpg',NULL,NULL),(122,46,'orange','circle','/home/peter/gemte_billeder_number/Billeder/image170.jpg',NULL,NULL),(123,40,'orange','circle','/home/peter/gemte_billeder_number/Billeder/image171.jpg',NULL,NULL),(124,37,'orange','circle','/home/peter/gemte_billeder_number/Billeder/image172.jpg',NULL,NULL),(125,37,'orange','circle','/home/peter/gemte_billeder_number/Billeder/image173.jpg',NULL,NULL),(126,41,'orange','circle','/home/peter/gemte_billeder_number/Billeder/image181.jpg',NULL,NULL),(127,45,'orange','circle','/home/peter/gemte_billeder_number/Billeder/image182.jpg',NULL,NULL),(128,45,'orange','circle','/home/peter/gemte_billeder_number/Billeder/image183.jpg',NULL,NULL),(129,46,'orange','circle','/home/peter/gemte_billeder_number/Billeder/image184.jpg',NULL,NULL),(130,35,'orange','circle','/home/peter/gemte_billeder_number/Billeder/image185.jpg',NULL,NULL),(131,33,'orange','circle','/home/peter/gemte_billeder_number/Billeder/image186.jpg',NULL,NULL),(132,35,'orange','circle','/home/peter/gemte_billeder_number/Billeder/image187.jpg',NULL,NULL),(133,39,'orange','circle','/home/peter/gemte_billeder_number/Billeder/image188.jpg',NULL,NULL),(134,36,'orange','circle','/home/peter/gemte_billeder_number/Billeder/image189.jpg',NULL,NULL),(135,38,'orange','circle','/home/peter/gemte_billeder_number/Billeder/image190.jpg',NULL,NULL),(136,38,'orange','circle','/home/peter/gemte_billeder_number/Billeder/image191.jpg',NULL,NULL),(137,39,'orange','circle','/home/peter/gemte_billeder_number/Billeder/image192.jpg',NULL,NULL),(138,41,'orange','circle','/home/peter/gemte_billeder_number/Billeder/image193.jpg',NULL,NULL),(139,43,'orange','circle','/home/peter/gemte_billeder_number/Billeder/image194.jpg',NULL,NULL),(140,44,'orange','circle','/home/peter/gemte_billeder_number/Billeder/image195.jpg',NULL,NULL),(141,49,'orange','circle','/home/peter/gemte_billeder_number/Billeder/image196.jpg',NULL,NULL),(142,40,'orange','circle','/home/peter/gemte_billeder_number/Billeder/image197.jpg',NULL,NULL),(143,31,'orange','circle','/home/peter/gemte_billeder_number/Billeder/image198.jpg',NULL,NULL),(144,30,'orange','circle','/home/peter/gemte_billeder_number/Billeder/image199.jpg',NULL,NULL),(145,44,'orange','circle','/home/peter/gemte_billeder_number/Billeder/image201.jpg',NULL,NULL),(146,47,'orange','circle','/home/peter/gemte_billeder_number/Billeder/image202.jpg',NULL,NULL),(147,40,'orange','circle','/home/peter/gemte_billeder_number/Billeder/image203.jpg',NULL,NULL),(148,43,'orange','circle','/home/peter/gemte_billeder_number/Billeder/image204.jpg',NULL,NULL),(149,43,'orange','circle','/home/peter/gemte_billeder_number/Billeder/image205.jpg',NULL,NULL),(150,43,'orange','circle','/home/peter/gemte_billeder_number/Billeder/image206.jpg',NULL,NULL),(151,43,'orange','circle','/home/peter/gemte_billeder_number/Billeder/image207.jpg',NULL,NULL),(152,41,'orange','circle','/home/peter/gemte_billeder_number/Billeder/image208.jpg',NULL,NULL),(153,41,'orange','circle','/home/peter/gemte_billeder_number/Billeder/image209.jpg',NULL,NULL),(154,41,'orange','circle','/home/peter/gemte_billeder_number/Billeder/image210.jpg',NULL,NULL),(155,43,'orange','circle','/home/peter/gemte_billeder_number/Billeder/image211.jpg',NULL,NULL),(156,41,'orange','circle','/home/peter/gemte_billeder_number/Billeder/image212.jpg',NULL,NULL),(157,38,'orange','circle','/home/peter/gemte_billeder_number/Billeder/image213.jpg',NULL,NULL),(158,36,'orange','circle','/home/peter/gemte_billeder_number/Billeder/image214.jpg',NULL,NULL),(159,45,'orange','circle','/home/peter/gemte_billeder_number/Billeder/image215.jpg',NULL,NULL),(160,46,'orange','circle','/home/peter/gemte_billeder_number/Billeder/image216.jpg',NULL,NULL),(161,46,'orange','circle','/home/peter/gemte_billeder_number/Billeder/image217.jpg',NULL,NULL),(162,65,'orange','circle','/home/peter/gemte_billeder_number/Billeder/image218.jpg',NULL,NULL),(163,65,'orange','circle','/home/peter/gemte_billeder_number/Billeder/image219.jpg',NULL,NULL),(164,42,'orange','circle','/home/peter/gemte_billeder_number/Billeder/image220.jpg',NULL,NULL),(165,43,'orange','circle','/home/peter/gemte_billeder_number/Billeder/image221.jpg',NULL,NULL),(166,43,'orange','circle','/home/peter/gemte_billeder_number/Billeder/image222.jpg',NULL,NULL),(167,42,'orange','circle','/home/peter/gemte_billeder_number/Billeder/image223.jpg',NULL,NULL),(168,43,'orange','circle','/home/peter/gemte_billeder_number/Billeder/image224.jpg',NULL,NULL),(169,44,'orange','circle','/home/peter/gemte_billeder_number/Billeder/image225.jpg',NULL,NULL),(170,46,'orange','circle','/home/peter/gemte_billeder_number/Billeder/image226.jpg',NULL,1),(171,45,'orange','circle','/home/peter/gemte_billeder_number/Billeder/image227.jpg',NULL,NULL),(172,32,'orange','circle','/home/peter/gemte_billeder_number/Billeder/image228.jpg',NULL,NULL),(173,33,'orange','circle','/home/peter/gemte_billeder_number/Billeder/image229.jpg',NULL,NULL),(174,40,'orange','circle','/home/peter/gemte_billeder_number/Billeder/image230.jpg',NULL,NULL),(175,39,'orange','circle','/home/peter/gemte_billeder_number/Billeder/image231.jpg',NULL,NULL),(176,43,'orange','circle','/home/peter/gemte_billeder_number/Billeder/image232.jpg',1,1),(177,38,'orange','circle','/home/peter/gemte_billeder_number/Billeder/image233.jpg',NULL,NULL),(178,42,'orange','circle','/home/peter/gemte_billeder_number/Billeder/image235.jpg',0,1),(179,40,'orange','circle','/home/peter/gemte_billeder_number/Billeder/image236.jpg',NULL,NULL),(180,44,'orange','circle','/home/peter/gemte_billeder_number/Billeder/image237.jpg',0,0),(181,43,'orange','circle','/home/peter/gemte_billeder_number/Billeder/image238.jpg',NULL,NULL),(182,44,'orange','circle','/home/peter/gemte_billeder_number/Billeder/image239.jpg',0,1),(183,43,'orange','circle','/home/peter/gemte_billeder_number/Billeder/image240.jpg',NULL,1),(184,44,'orange','circle','/home/peter/gemte_billeder_number/Billeder/image241.jpg',NULL,1),(185,42,'orange','circle','/home/peter/gemte_billeder_number/Billeder/image242.jpg',1,1),(186,44,'orange','circle','/home/peter/gemte_billeder_number/Billeder/image243.jpg',0,1),(187,34,'orange','circle','/home/peter/gemte_billeder_number/Billeder/image244.jpg',1,1),(188,44,'orange','circle','/home/peter/gemte_billeder_number/Billeder/image245.jpg',0,1),(189,35,'orange','circle','/home/peter/gemte_billeder_number/Billeder/image246.jpg',0,1),(190,37,'orange','circle','/home/peter/gemte_billeder_number/Billeder/image247.jpg',0,1),(191,38,'orange','circle','/home/peter/gemte_billeder_number/Billeder/image248.jpg',1,1),(192,43,'orange','circle','/home/peter/gemte_billeder_number/Billeder/image249.jpg',0,1),(193,37,'orange','circle','/home/peter/gemte_billeder_number/Billeder/image250.jpg',1,1),(194,41,'orange','circle','/home/peter/gemte_billeder_number/Billeder/image251.jpg',0,1),(195,44,'orange','circle','/home/peter/gemte_billeder_number/Billeder/image252.jpg',0,1),(196,44,'orange','circle','/home/peter/gemte_billeder_number/Billeder/image253.jpg',0,1),(197,44,'orange','circle','/home/peter/gemte_billeder_number/Billeder/image254.jpg',0,1),(198,36,'orange','circle','/home/peter/gemte_billeder_number/Billeder/image255.jpg',1,1),(199,44,'orange','circle','/home/peter/gemte_billeder_number/Billeder/image256.jpg',0,1),(200,43,'orange','circle','/home/peter/gemte_billeder_number/Billeder/image257.jpg',1,1),(201,41,'orange','circle','/home/peter/gemte_billeder_number/Billeder/image258.jpg',1,1),(202,43,'orange','circle','/home/peter/gemte_billeder_number/Billeder/image259.jpg',0,1),(203,43,'orange','circle','/home/peter/gemte_billeder_number/Billeder/image260.jpg',1,1),(204,42,'orange','circle','/home/peter/gemte_billeder_number/Billeder/image261.jpg',0,1),(205,43,'orange','circle','/home/peter/gemte_billeder_number/Billeder/image262.jpg',0,1),(206,44,'orange','circle','/home/peter/gemte_billeder_number/Billeder/image263.jpg',1,1),(207,31,'orange','circle','/home/peter/gemte_billeder_number/Billeder/image264.jpg',0,1),(208,40,'orange','circle','/home/peter/gemte_billeder_number/Billeder/image265.jpg',0,1),(209,42,'orange','circle','/home/peter/gemte_billeder_number/Billeder/image266.jpg',NULL,NULL),(212,41,'orange','circle','/home/peter/gemte_billeder_number/Billeder/image269.jpg',0,1),(213,43,'orange','circle','/home/peter/gemte_billeder_number/Billeder/image270.jpg',1,1),(214,40,'orange','circle','/home/peter/gemte_billeder_number/Billeder/image271.jpg',1,1),(215,37,'orange','circle','/home/peter/gemte_billeder_number/Billeder/image272.jpg',0,1),(216,39,'orange','circle','/home/peter/gemte_billeder_number/Billeder/image273.jpg',1,1),(217,42,'orange','circle','/home/peter/gemte_billeder_number/Billeder/image274.jpg',0,1),(218,42,'orange','circle','/home/peter/gemte_billeder_number/Billeder/image275.jpg',1,1);
/*!40000 ALTER TABLE `PickUpObject` ENABLE KEYS */;
UNLOCK TABLES;
/*!40103 SET TIME_ZONE=@OLD_TIME_ZONE */;

/*!40101 SET SQL_MODE=@OLD_SQL_MODE */;
/*!40014 SET FOREIGN_KEY_CHECKS=@OLD_FOREIGN_KEY_CHECKS */;
/*!40014 SET UNIQUE_CHECKS=@OLD_UNIQUE_CHECKS */;
/*!40101 SET CHARACTER_SET_CLIENT=@OLD_CHARACTER_SET_CLIENT */;
/*!40101 SET CHARACTER_SET_RESULTS=@OLD_CHARACTER_SET_RESULTS */;
/*!40101 SET COLLATION_CONNECTION=@OLD_COLLATION_CONNECTION */;
/*!40111 SET SQL_NOTES=@OLD_SQL_NOTES */;

-- Dump completed on 2018-12-12  8:37:43
